﻿<?xml version="1.0" encoding="utf-8"?>
<Application xmlns:xsd="http://www.w3.org/2001/XMLSchema" xmlns:xsi="http://www.w3.org/2001/XMLSchema-instance" Name="fabric:/Smilr" xmlns="http://schemas.microsoft.com/2011/01/fabric">
  <Parameters>
    <Parameter Name="DataGateway_InstanceCount" Value="1" />
    <Parameter Name="FeedbackStore_PartitionCount" Value="1" />
    <Parameter Name="FeedbackStore_MinReplicaSetSize" Value="3" />
    <Parameter Name="FeedbackStore_TargetReplicaSetSize" Value="3" />
    <Parameter Name="EventStore_PartitionCount" Value="1" />
    <Parameter Name="EventStore_MinReplicaSetSize" Value="3" />
    <Parameter Name="EventStore_TargetReplicaSetSize" Value="3" />
    <Parameter Name="AngularHost_InstanceCount" Value="1" />
  </Parameters>
</Application>