﻿<?xml version="1.0" encoding="utf-8"?>
<ServiceManifest Name="EventStorePkg"
                 Version="1.0.0"
                 xmlns="http://schemas.microsoft.com/2011/01/fabric"
                 xmlns:xsd="http://www.w3.org/2001/XMLSchema"
                 xmlns:xsi="http://www.w3.org/2001/XMLSchema-instance">
  <ServiceTypes>
    <!-- This is the name of your ServiceType. 
         This name must match the string used in RegisterServiceType call in Program.cs. -->
    <StatefulServiceType ServiceTypeName="EventStoreType"  HasPersistedState="true" />
  </ServiceTypes>

  <!-- Code package is your service executable. -->
  <CodePackage Name="Code" Version="1.0.0">
    <EntryPoint>
      <ExeHost>
        <Program>EventStore.exe</Program>
        <WorkingFolder>CodePackage</WorkingFolder>
      </ExeHost>
    </EntryPoint>
  </CodePackage>

  <!-- Config package is the contents of the Config directoy under PackageRoot that contains an 
       independently-updateable and versioned set of custom configuration settings for your service. -->
  <ConfigPackage Name="Config" Version="1.0.0" />

</ServiceManifest>